CREATE TABLE students (
  student_id INTEGER,
  age INTEGER,
  gender TEXT,
  year_of_study INTEGER,
  major TEXT,
  PRIMARY KEY (student_id)
);
INSERT INTO students VALUES (1, 24, 'Non-binary', 4, 'Engineering');
INSERT INTO students VALUES (2, 21, 'Female', 4, 'Biology');
INSERT INTO students VALUES (3, 22, 'Female', 4, 'Business');
INSERT INTO students VALUES (4, 24, 'Female', 4, 'Literature');
INSERT INTO students VALUES (5, 20, 'Female', 4, 'Business');
INSERT INTO students VALUES (6, 25, 'Female', 2, 'Biology');
INSERT INTO students VALUES (7, 22, 'Female', 2, 'Biology');
INSERT INTO students VALUES (8, 22, 'Non-binary', 3, 'Business');
INSERT INTO students VALUES (9, 24, 'Non-binary', 4, 'Biology');
INSERT INTO students VALUES (10, 19, 'Female', 2, 'Business');
INSERT INTO students VALUES (11, 20, 'Non-binary', 3, 'Psychology');
INSERT INTO students VALUES (12, 24, 'Male', 4, 'Business');
INSERT INTO students VALUES (13, 20, 'Female', 1, 'Business');
INSERT INTO students VALUES (14, 20, 'Male', 3, 'Biology');
INSERT INTO students VALUES (15, 25, 'Male', 2, 'Biology');
INSERT INTO students VALUES (16, 22, 'Female', 1, 'Engineering');
INSERT INTO students VALUES (17, 21, 'Non-binary', 1, 'Engineering');
INSERT INTO students VALUES (18, 25, 'Male', 1, 'Psychology');
INSERT INTO students VALUES (19, 25, 'Female', 3, 'Engineering');
INSERT INTO students VALUES (20, 20, 'Male', 2, 'Business');
INSERT INTO students VALUES (21, 23, 'Male', 1, 'Biology');
INSERT INTO students VALUES (22, 22, 'Male', 4, 'Engineering');
INSERT INTO students VALUES (23, 19, 'Male', 1, 'Engineering');
INSERT INTO students VALUES (24, 25, 'Non-binary', 1, 'Psychology');
INSERT INTO students VALUES (25, 21, 'Male', 3, 'Psychology');
INSERT INTO students VALUES (26, 23, 'Male', 3, 'Business');
INSERT INTO students VALUES (27, 23, 'Male', 2, 'Biology');
INSERT INTO students VALUES (28, 19, 'Non-binary', 4, 'Psychology');
INSERT INTO students VALUES (29, 25, 'Male', 3, 'Engineering');
INSERT INTO students VALUES (30, 21, 'Male', 1, 'Biology');
INSERT INTO students VALUES (31, 22, 'Non-binary', 2, 'Biology');
INSERT INTO students VALUES (32, 18, 'Non-binary', 1, 'Engineering');
INSERT INTO students VALUES (33, 21, 'Non-binary', 1, 'Psychology');
INSERT INTO students VALUES (34, 19, 'Male', 3, 'Engineering');
INSERT INTO students VALUES (35, 23, 'Non-binary', 2, 'Biology');
INSERT INTO students VALUES (36, 22, 'Non-binary', 4, 'Literature');
INSERT INTO students VALUES (37, 21, 'Male', 4, 'Literature');
INSERT INTO students VALUES (38, 18, 'Non-binary', 3, 'Business');
INSERT INTO students VALUES (39, 18, 'Male', 3, 'Engineering');
INSERT INTO students VALUES (40, 20, 'Female', 2, 'Engineering');
INSERT INTO students VALUES (41, 20, 'Non-binary', 4, 'Business');
INSERT INTO students VALUES (42, 24, 'Female', 4, 'Business');
INSERT INTO students VALUES (43, 19, 'Male', 4, 'Business');
INSERT INTO students VALUES (44, 25, 'Non-binary', 1, 'Biology');
INSERT INTO students VALUES (45, 21, 'Male', 4, 'Engineering');
INSERT INTO students VALUES (46, 21, 'Female', 1, 'Biology');
INSERT INTO students VALUES (47, 25, 'Male', 2, 'Business');
INSERT INTO students VALUES (48, 24, 'Non-binary', 1, 'Engineering');
INSERT INTO students VALUES (49, 23, 'Non-binary', 2, 'Biology');
INSERT INTO students VALUES (50, 23, 'Female', 4, 'Biology');
INSERT INTO students VALUES (51, 24, 'Male', 4, 'Business');
INSERT INTO students VALUES (52, 23, 'Non-binary', 2, 'Engineering');
INSERT INTO students VALUES (53, 20, 'Female', 3, 'Business');
INSERT INTO students VALUES (54, 21, 'Non-binary', 2, 'Engineering');
INSERT INTO students VALUES (55, 24, 'Non-binary', 3, 'Literature');
INSERT INTO students VALUES (56, 21, 'Male', 1, 'Psychology');
INSERT INTO students VALUES (57, 25, 'Non-binary', 1, 'Psychology');
INSERT INTO students VALUES (58, 18, 'Male', 1, 'Psychology');
INSERT INTO students VALUES (59, 20, 'Non-binary', 4, 'Business');
INSERT INTO students VALUES (60, 22, 'Female', 1, 'Literature');
INSERT INTO students VALUES (61, 20, 'Non-binary', 3, 'Engineering');
INSERT INTO students VALUES (62, 24, 'Male', 1, 'Biology');
INSERT INTO students VALUES (63, 22, 'Male', 2, 'Engineering');
INSERT INTO students VALUES (64, 18, 'Female', 2, 'Biology');
INSERT INTO students VALUES (65, 24, 'Non-binary', 4, 'Engineering');
INSERT INTO students VALUES (66, 19, 'Non-binary', 2, 'Literature');
INSERT INTO students VALUES (67, 21, 'Female', 3, 'Biology');
INSERT INTO students VALUES (68, 18, 'Non-binary', 1, 'Business');
INSERT INTO students VALUES (69, 21, 'Non-binary', 4, 'Engineering');
INSERT INTO students VALUES (70, 23, 'Male', 1, 'Engineering');
INSERT INTO students VALUES (71, 19, 'Non-binary', 1, 'Biology');
INSERT INTO students VALUES (72, 19, 'Non-binary', 3, 'Business');
INSERT INTO students VALUES (73, 18, 'Female', 2, 'Business');
INSERT INTO students VALUES (74, 19, 'Female', 2, 'Literature');
INSERT INTO students VALUES (75, 22, 'Male', 1, 'Business');
INSERT INTO students VALUES (76, 19, 'Non-binary', 4, 'Business');
INSERT INTO students VALUES (77, 21, 'Non-binary', 2, 'Business');
INSERT INTO students VALUES (78, 21, 'Non-binary', 4, 'Psychology');
INSERT INTO students VALUES (79, 24, 'Male', 2, 'Literature');
INSERT INTO students VALUES (80, 21, 'Male', 4, 'Engineering');
INSERT INTO students VALUES (81, 24, 'Female', 3, 'Biology');
INSERT INTO students VALUES (82, 21, 'Male', 4, 'Engineering');
INSERT INTO students VALUES (83, 22, 'Non-binary', 3, 'Literature');
INSERT INTO students VALUES (84, 25, 'Non-binary', 3, 'Biology');
INSERT INTO students VALUES (85, 24, 'Male', 4, 'Literature');
INSERT INTO students VALUES (86, 20, 'Non-binary', 3, 'Business');
INSERT INTO students VALUES (87, 23, 'Non-binary', 1, 'Biology');
INSERT INTO students VALUES (88, 18, 'Male', 3, 'Business');
INSERT INTO students VALUES (89, 21, 'Male', 2, 'Engineering');
INSERT INTO students VALUES (90, 19, 'Non-binary', 4, 'Engineering');
INSERT INTO students VALUES (91, 25, 'Non-binary', 1, 'Biology');
INSERT INTO students VALUES (92, 21, 'Non-binary', 4, 'Biology');
INSERT INTO students VALUES (93, 19, 'Female', 2, 'Literature');
INSERT INTO students VALUES (94, 23, 'Female', 2, 'Literature');
INSERT INTO students VALUES (95, 23, 'Female', 2, 'Business');
INSERT INTO students VALUES (96, 23, 'Male', 3, 'Biology');
INSERT INTO students VALUES (97, 19, 'Female', 3, 'Engineering');
INSERT INTO students VALUES (98, 21, 'Male', 4, 'Literature');
INSERT INTO students VALUES (99, 23, 'Male', 4, 'Literature');
INSERT INTO students VALUES (100, 22, 'Female', 1, 'Engineering');

CREATE TABLE support_usage (
  student_id INTEGER,
  has_used_counseling_services BOOLEAN,
  satisfaction_with_support_services INTEGER,
  preferred_support_method TEXT,
  FOREIGN KEY (student_id) REFERENCES students(student_id)
);
INSERT INTO support_usage VALUES (1, True, 8, 'In-person');
INSERT INTO support_usage VALUES (2, False, 5, 'Online');
INSERT INTO support_usage VALUES (3, False, 2, 'Online');
INSERT INTO support_usage VALUES (4, False, 2, 'In-person');
INSERT INTO support_usage VALUES (5, True, 6, 'Peer support');
INSERT INTO support_usage VALUES (6, True, 9, 'In-person');
INSERT INTO support_usage VALUES (7, False, 1, 'Online');
INSERT INTO support_usage VALUES (8, False, 6, 'In-person');
INSERT INTO support_usage VALUES (9, False, 9, 'Online');
INSERT INTO support_usage VALUES (10, True, 8, 'Online');
INSERT INTO support_usage VALUES (11, False, 6, 'Peer support');
INSERT INTO support_usage VALUES (12, False, 3, 'Online');
INSERT INTO support_usage VALUES (13, False, 8, 'Online');
INSERT INTO support_usage VALUES (14, True, 9, 'Peer support');
INSERT INTO support_usage VALUES (15, False, 1, 'Online');
INSERT INTO support_usage VALUES (16, False, 9, 'Peer support');
INSERT INTO support_usage VALUES (17, False, 6, 'Peer support');
INSERT INTO support_usage VALUES (18, False, 6, 'Online');
INSERT INTO support_usage VALUES (19, False, 4, 'Online');
INSERT INTO support_usage VALUES (20, False, 1, 'In-person');
INSERT INTO support_usage VALUES (21, True, 10, 'Peer support');
INSERT INTO support_usage VALUES (22, False, 8, 'In-person');
INSERT INTO support_usage VALUES (23, False, 2, 'Online');
INSERT INTO support_usage VALUES (24, True, 1, 'In-person');
INSERT INTO support_usage VALUES (25, False, 2, 'Peer support');
INSERT INTO support_usage VALUES (26, False, 1, 'In-person');
INSERT INTO support_usage VALUES (27, True, 1, 'Peer support');
INSERT INTO support_usage VALUES (28, False, 9, 'Online');
INSERT INTO support_usage VALUES (29, False, 1, 'Online');
INSERT INTO support_usage VALUES (30, False, 4, 'Peer support');
INSERT INTO support_usage VALUES (31, True, 10, 'Online');
INSERT INTO support_usage VALUES (32, False, 6, 'Online');
INSERT INTO support_usage VALUES (33, False, 7, 'Online');
INSERT INTO support_usage VALUES (34, False, 2, 'Online');
INSERT INTO support_usage VALUES (35, False, 6, 'Peer support');
INSERT INTO support_usage VALUES (36, True, 7, 'In-person');
INSERT INTO support_usage VALUES (37, False, 10, 'In-person');
INSERT INTO support_usage VALUES (38, True, 10, 'Online');
INSERT INTO support_usage VALUES (39, True, 2, 'In-person');
INSERT INTO support_usage VALUES (40, False, 2, 'In-person');
INSERT INTO support_usage VALUES (41, False, 10, 'Online');
INSERT INTO support_usage VALUES (42, False, 7, 'Online');
INSERT INTO support_usage VALUES (43, False, 1, 'In-person');
INSERT INTO support_usage VALUES (44, False, 8, 'Peer support');
INSERT INTO support_usage VALUES (45, True, 3, 'Online');
INSERT INTO support_usage VALUES (46, False, 6, 'Peer support');
INSERT INTO support_usage VALUES (47, False, 9, 'In-person');
INSERT INTO support_usage VALUES (48, False, 6, 'Online');
INSERT INTO support_usage VALUES (49, True, 9, 'Peer support');
INSERT INTO support_usage VALUES (50, False, 7, 'Online');
INSERT INTO support_usage VALUES (51, False, 9, 'In-person');
INSERT INTO support_usage VALUES (52, True, 2, 'Peer support');
INSERT INTO support_usage VALUES (53, True, 8, 'In-person');
INSERT INTO support_usage VALUES (54, False, 8, 'In-person');
INSERT INTO support_usage VALUES (55, False, 2, 'Online');
INSERT INTO support_usage VALUES (56, True, 4, 'Peer support');
INSERT INTO support_usage VALUES (57, False, 7, 'In-person');
INSERT INTO support_usage VALUES (58, True, 4, 'In-person');
INSERT INTO support_usage VALUES (59, False, 4, 'Peer support');
INSERT INTO support_usage VALUES (60, False, 6, 'In-person');
INSERT INTO support_usage VALUES (61, False, 10, 'In-person');
INSERT INTO support_usage VALUES (62, False, 6, 'Peer support');
INSERT INTO support_usage VALUES (63, False, 10, 'Peer support');
INSERT INTO support_usage VALUES (64, True, 3, 'Peer support');
INSERT INTO support_usage VALUES (65, False, 9, 'Peer support');
INSERT INTO support_usage VALUES (66, False, 10, 'Online');
INSERT INTO support_usage VALUES (67, False, 2, 'Peer support');
INSERT INTO support_usage VALUES (68, True, 6, 'Online');
INSERT INTO support_usage VALUES (69, True, 7, 'Online');
INSERT INTO support_usage VALUES (70, True, 9, 'Online');
INSERT INTO support_usage VALUES (71, False, 3, 'In-person');
INSERT INTO support_usage VALUES (72, False, 10, 'Online');
INSERT INTO support_usage VALUES (73, False, 3, 'Online');
INSERT INTO support_usage VALUES (74, False, 7, 'In-person');
INSERT INTO support_usage VALUES (75, False, 4, 'In-person');
INSERT INTO support_usage VALUES (76, True, 8, 'In-person');
INSERT INTO support_usage VALUES (77, False, 7, 'Peer support');
INSERT INTO support_usage VALUES (78, False, 5, 'In-person');
INSERT INTO support_usage VALUES (79, False, 7, 'In-person');
INSERT INTO support_usage VALUES (80, False, 3, 'Online');
INSERT INTO support_usage VALUES (81, False, 2, 'In-person');
INSERT INTO support_usage VALUES (82, False, 6, 'Peer support');
INSERT INTO support_usage VALUES (83, True, 2, 'In-person');
INSERT INTO support_usage VALUES (84, True, 3, 'Peer support');
INSERT INTO support_usage VALUES (85, False, 6, 'In-person');
INSERT INTO support_usage VALUES (86, False, 5, 'In-person');
INSERT INTO support_usage VALUES (87, False, 8, 'In-person');
INSERT INTO support_usage VALUES (88, False, 9, 'In-person');
INSERT INTO support_usage VALUES (89, True, 3, 'Peer support');
INSERT INTO support_usage VALUES (90, True, 10, 'Peer support');
INSERT INTO support_usage VALUES (91, False, 3, 'Online');
INSERT INTO support_usage VALUES (92, False, 3, 'Peer support');
INSERT INTO support_usage VALUES (93, True, 6, 'In-person');
INSERT INTO support_usage VALUES (94, False, 1, 'Online');
INSERT INTO support_usage VALUES (95, True, 7, 'Online');
INSERT INTO support_usage VALUES (96, False, 1, 'Online');
INSERT INTO support_usage VALUES (97, True, 5, 'In-person');
INSERT INTO support_usage VALUES (98, False, 10, 'Peer support');
INSERT INTO support_usage VALUES (99, False, 8, 'In-person');
INSERT INTO support_usage VALUES (100, False, 4, 'Online');

CREATE TABLE mental_health_surveys (
  survey_id INTEGER,
  student_id INTEGER,
  stress_level INTEGER,
  anxiety_level INTEGER,
  depression_level INTEGER,
  date_taken TEXT,
  PRIMARY KEY (survey_id),
  FOREIGN KEY (student_id) REFERENCES students(student_id)
);
INSERT INTO mental_health_surveys VALUES (1, 1, 5, 5, 4, '2024-01-01');
INSERT INTO mental_health_surveys VALUES (2, 2, 3, 6, 9, '2024-01-02');
INSERT INTO mental_health_surveys VALUES (3, 3, 1, 7, 6, '2024-01-03');
INSERT INTO mental_health_surveys VALUES (4, 4, 4, 3, 3, '2024-01-04');
INSERT INTO mental_health_surveys VALUES (5, 5, 5, 10, 1, '2024-01-05');
INSERT INTO mental_health_surveys VALUES (6, 6, 7, 3, 4, '2024-01-06');
INSERT INTO mental_health_surveys VALUES (7, 7, 1, 5, 9, '2024-01-07');
INSERT INTO mental_health_surveys VALUES (8, 8, 3, 6, 3, '2024-01-08');
INSERT INTO mental_health_surveys VALUES (9, 9, 2, 9, 9, '2024-01-09');
INSERT INTO mental_health_surveys VALUES (10, 10, 9, 5, 7, '2024-01-10');
INSERT INTO mental_health_surveys VALUES (11, 11, 10, 1, 4, '2024-01-11');
INSERT INTO mental_health_surveys VALUES (12, 12, 6, 4, 3, '2024-01-12');
INSERT INTO mental_health_surveys VALUES (13, 13, 10, 5, 10, '2024-01-13');
INSERT INTO mental_health_surveys VALUES (14, 14, 3, 10, 5, '2024-01-14');
INSERT INTO mental_health_surveys VALUES (15, 15, 8, 10, 5, '2024-01-15');
INSERT INTO mental_health_surveys VALUES (16, 16, 8, 5, 3, '2024-01-16');
INSERT INTO mental_health_surveys VALUES (17, 17, 2, 7, 9, '2024-01-17');
INSERT INTO mental_health_surveys VALUES (18, 18, 6, 4, 4, '2024-01-18');
INSERT INTO mental_health_surveys VALUES (19, 19, 7, 1, 5, '2024-01-19');
INSERT INTO mental_health_surveys VALUES (20, 20, 2, 5, 4, '2024-01-20');
INSERT INTO mental_health_surveys VALUES (21, 21, 10, 7, 5, '2024-01-21');
INSERT INTO mental_health_surveys VALUES (22, 22, 2, 10, 7, '2024-01-22');
INSERT INTO mental_health_surveys VALUES (23, 23, 10, 10, 9, '2024-01-23');
INSERT INTO mental_health_surveys VALUES (24, 24, 1, 6, 7, '2024-01-24');
INSERT INTO mental_health_surveys VALUES (25, 25, 8, 5, 5, '2024-01-25');
INSERT INTO mental_health_surveys VALUES (26, 26, 1, 4, 10, '2024-01-26');
INSERT INTO mental_health_surveys VALUES (27, 27, 9, 2, 10, '2024-01-27');
INSERT INTO mental_health_surveys VALUES (28, 28, 6, 4, 7, '2024-01-28');
INSERT INTO mental_health_surveys VALUES (29, 29, 7, 10, 10, '2024-01-29');
INSERT INTO mental_health_surveys VALUES (30, 30, 10, 10, 5, '2024-01-30');
INSERT INTO mental_health_surveys VALUES (31, 31, 7, 3, 3, '2024-01-31');
INSERT INTO mental_health_surveys VALUES (32, 32, 10, 10, 7, '2024-02-01');
INSERT INTO mental_health_surveys VALUES (33, 33, 3, 1, 2, '2024-02-02');
INSERT INTO mental_health_surveys VALUES (34, 34, 2, 8, 9, '2024-02-03');
INSERT INTO mental_health_surveys VALUES (35, 35, 9, 5, 10, '2024-02-04');
INSERT INTO mental_health_surveys VALUES (36, 36, 8, 4, 10, '2024-02-05');
INSERT INTO mental_health_surveys VALUES (37, 37, 10, 8, 1, '2024-02-06');
INSERT INTO mental_health_surveys VALUES (38, 38, 7, 7, 6, '2024-02-07');
INSERT INTO mental_health_surveys VALUES (39, 39, 9, 2, 7, '2024-02-08');
INSERT INTO mental_health_surveys VALUES (40, 40, 4, 1, 8, '2024-02-09');
INSERT INTO mental_health_surveys VALUES (41, 41, 4, 4, 10, '2024-02-10');
INSERT INTO mental_health_surveys VALUES (42, 42, 1, 8, 9, '2024-02-11');
INSERT INTO mental_health_surveys VALUES (43, 43, 8, 2, 2, '2024-02-12');
INSERT INTO mental_health_surveys VALUES (44, 44, 3, 3, 10, '2024-02-13');
INSERT INTO mental_health_surveys VALUES (45, 45, 7, 1, 2, '2024-02-14');
INSERT INTO mental_health_surveys VALUES (46, 46, 2, 1, 5, '2024-02-15');
INSERT INTO mental_health_surveys VALUES (47, 47, 2, 3, 5, '2024-02-16');
INSERT INTO mental_health_surveys VALUES (48, 48, 7, 5, 6, '2024-02-17');
INSERT INTO mental_health_surveys VALUES (49, 49, 6, 3, 3, '2024-02-18');
INSERT INTO mental_health_surveys VALUES (50, 50, 3, 1, 8, '2024-02-19');
INSERT INTO mental_health_surveys VALUES (51, 51, 9, 1, 1, '2024-02-20');
INSERT INTO mental_health_surveys VALUES (52, 52, 10, 8, 6, '2024-02-21');
INSERT INTO mental_health_surveys VALUES (53, 53, 6, 10, 4, '2024-02-22');
INSERT INTO mental_health_surveys VALUES (54, 54, 10, 2, 1, '2024-02-23');
INSERT INTO mental_health_surveys VALUES (55, 55, 10, 3, 7, '2024-02-24');
INSERT INTO mental_health_surveys VALUES (56, 56, 6, 2, 9, '2024-02-25');
INSERT INTO mental_health_surveys VALUES (57, 57, 1, 3, 4, '2024-02-26');
INSERT INTO mental_health_surveys VALUES (58, 58, 4, 7, 4, '2024-02-27');
INSERT INTO mental_health_surveys VALUES (59, 59, 10, 1, 6, '2024-02-28');
INSERT INTO mental_health_surveys VALUES (60, 60, 6, 10, 3, '2024-02-29');
INSERT INTO mental_health_surveys VALUES (61, 61, 6, 8, 6, '2024-03-01');
INSERT INTO mental_health_surveys VALUES (62, 62, 5, 10, 7, '2024-03-02');
INSERT INTO mental_health_surveys VALUES (63, 63, 1, 10, 10, '2024-03-03');
INSERT INTO mental_health_surveys VALUES (64, 64, 8, 10, 10, '2024-03-04');
INSERT INTO mental_health_surveys VALUES (65, 65, 5, 2, 3, '2024-03-05');
INSERT INTO mental_health_surveys VALUES (66, 66, 5, 3, 7, '2024-03-06');
INSERT INTO mental_health_surveys VALUES (67, 67, 7, 9, 3, '2024-03-07');
INSERT INTO mental_health_surveys VALUES (68, 68, 4, 7, 2, '2024-03-08');
INSERT INTO mental_health_surveys VALUES (69, 69, 6, 4, 10, '2024-03-09');
INSERT INTO mental_health_surveys VALUES (70, 70, 4, 10, 4, '2024-03-10');
INSERT INTO mental_health_surveys VALUES (71, 71, 3, 5, 8, '2024-03-11');
INSERT INTO mental_health_surveys VALUES (72, 72, 7, 2, 9, '2024-03-12');
INSERT INTO mental_health_surveys VALUES (73, 73, 8, 8, 7, '2024-03-13');
INSERT INTO mental_health_surveys VALUES (74, 74, 4, 4, 1, '2024-03-14');
INSERT INTO mental_health_surveys VALUES (75, 75, 2, 9, 3, '2024-03-15');
INSERT INTO mental_health_surveys VALUES (76, 76, 10, 5, 9, '2024-03-16');
INSERT INTO mental_health_surveys VALUES (77, 77, 3, 9, 1, '2024-03-17');
INSERT INTO mental_health_surveys VALUES (78, 78, 1, 4, 9, '2024-03-18');
INSERT INTO mental_health_surveys VALUES (79, 79, 8, 10, 8, '2024-03-19');
INSERT INTO mental_health_surveys VALUES (80, 80, 3, 5, 1, '2024-03-20');
INSERT INTO mental_health_surveys VALUES (81, 81, 10, 9, 6, '2024-03-21');
INSERT INTO mental_health_surveys VALUES (82, 82, 7, 8, 5, '2024-03-22');
INSERT INTO mental_health_surveys VALUES (83, 83, 10, 3, 6, '2024-03-23');
INSERT INTO mental_health_surveys VALUES (84, 84, 5, 1, 10, '2024-03-24');
INSERT INTO mental_health_surveys VALUES (85, 85, 10, 3, 5, '2024-03-25');
INSERT INTO mental_health_surveys VALUES (86, 86, 5, 4, 6, '2024-03-26');
INSERT INTO mental_health_surveys VALUES (87, 87, 7, 2, 5, '2024-03-27');
INSERT INTO mental_health_surveys VALUES (88, 88, 9, 1, 5, '2024-03-28');
INSERT INTO mental_health_surveys VALUES (89, 89, 5, 7, 4, '2024-03-29');
INSERT INTO mental_health_surveys VALUES (90, 90, 1, 8, 3, '2024-03-30');
INSERT INTO mental_health_surveys VALUES (91, 91, 10, 7, 3, '2024-03-31');
INSERT INTO mental_health_surveys VALUES (92, 92, 10, 5, 4, '2024-04-01');
INSERT INTO mental_health_surveys VALUES (93, 93, 1, 1, 9, '2024-04-02');
INSERT INTO mental_health_surveys VALUES (94, 94, 2, 7, 2, '2024-04-03');
INSERT INTO mental_health_surveys VALUES (95, 95, 6, 7, 9, '2024-04-04');
INSERT INTO mental_health_surveys VALUES (96, 96, 9, 9, 1, '2024-04-05');
INSERT INTO mental_health_surveys VALUES (97, 97, 8, 3, 1, '2024-04-06');
INSERT INTO mental_health_surveys VALUES (98, 98, 5, 9, 5, '2024-04-07');
INSERT INTO mental_health_surveys VALUES (99, 99, 1, 1, 6, '2024-04-08');
INSERT INTO mental_health_surveys VALUES (100, 100, 7, 1, 6, '2024-04-09');

CREATE TABLE academic_info (
  student_id INTEGER,
  average_gpa REAL,
  weekly_study_hours REAL,
  course_load_rating INTEGER,
  FOREIGN KEY (student_id) REFERENCES students(student_id)
);
INSERT INTO academic_info VALUES (1.0, 3.14, 19.4, 8.0);
INSERT INTO academic_info VALUES (2.0, 3.77, 29.7, 2.0);
INSERT INTO academic_info VALUES (3.0, 3.11, 25.9, 9.0);
INSERT INTO academic_info VALUES (4.0, 3.44, 21.1, 7.0);
INSERT INTO academic_info VALUES (5.0, 3.61, 7.7, 4.0);
INSERT INTO academic_info VALUES (6.0, 3.98, 7.7, 4.0);
INSERT INTO academic_info VALUES (7.0, 3.21, 5.1, 8.0);
INSERT INTO academic_info VALUES (8.0, 3.61, 38.9, 4.0);
INSERT INTO academic_info VALUES (9.0, 3.93, 5.2, 6.0);
INSERT INTO academic_info VALUES (10.0, 3.89, 8.6, 5.0);
INSERT INTO academic_info VALUES (11.0, 2.28, 16.0, 3.0);
INSERT INTO academic_info VALUES (12.0, 2.81, 33.3, 10.0);
INSERT INTO academic_info VALUES (13.0, 2.65, 38.7, 2.0);
INSERT INTO academic_info VALUES (14.0, 2.17, 32.7, 9.0);
INSERT INTO academic_info VALUES (15.0, 3.27, 29.2, 10.0);
INSERT INTO academic_info VALUES (16.0, 3.47, 23.2, 9.0);
INSERT INTO academic_info VALUES (17.0, 3.7, 8.0, 1.0);
INSERT INTO academic_info VALUES (18.0, 2.25, 38.5, 10.0);
INSERT INTO academic_info VALUES (19.0, 3.75, 31.5, 3.0);
INSERT INTO academic_info VALUES (20.0, 3.29, 27.4, 8.0);
INSERT INTO academic_info VALUES (21.0, 3.41, 31.6, 6.0);
INSERT INTO academic_info VALUES (22.0, 3.82, 30.3, 5.0);
INSERT INTO academic_info VALUES (23.0, 3.25, 27.3, 5.0);
INSERT INTO academic_info VALUES (24.0, 2.67, 39.3, 6.0);
INSERT INTO academic_info VALUES (25.0, 3.65, 36.6, 7.0);
INSERT INTO academic_info VALUES (26.0, 2.73, 27.6, 1.0);
INSERT INTO academic_info VALUES (27.0, 2.07, 29.3, 9.0);
INSERT INTO academic_info VALUES (28.0, 3.66, 6.8, 3.0);
INSERT INTO academic_info VALUES (29.0, 2.69, 28.4, 4.0);
INSERT INTO academic_info VALUES (30.0, 3.55, 6.5, 10.0);
INSERT INTO academic_info VALUES (31.0, 2.73, 25.6, 1.0);
INSERT INTO academic_info VALUES (32.0, 3.72, 40.0, 10.0);
INSERT INTO academic_info VALUES (33.0, 2.44, 24.5, 3.0);
INSERT INTO academic_info VALUES (34.0, 3.95, 21.6, 2.0);
INSERT INTO academic_info VALUES (35.0, 3.56, 15.9, 2.0);
INSERT INTO academic_info VALUES (36.0, 2.23, 9.2, 1.0);
INSERT INTO academic_info VALUES (37.0, 3.13, 30.6, 8.0);
INSERT INTO academic_info VALUES (38.0, 3.97, 11.7, 3.0);
INSERT INTO academic_info VALUES (39.0, 2.94, 9.0, 3.0);
INSERT INTO academic_info VALUES (40.0, 2.36, 19.8, 6.0);
INSERT INTO academic_info VALUES (41.0, 2.97, 32.8, 8.0);
INSERT INTO academic_info VALUES (42.0, 3.02, 31.1, 9.0);
INSERT INTO academic_info VALUES (43.0, 3.48, 6.9, 9.0);
INSERT INTO academic_info VALUES (44.0, 3.4, 20.9, 4.0);
INSERT INTO academic_info VALUES (45.0, 2.81, 23.3, 5.0);
INSERT INTO academic_info VALUES (46.0, 2.44, 27.6, 2.0);
INSERT INTO academic_info VALUES (47.0, 3.29, 27.8, 9.0);
INSERT INTO academic_info VALUES (48.0, 2.84, 17.8, 8.0);
INSERT INTO academic_info VALUES (49.0, 2.26, 24.6, 3.0);
INSERT INTO academic_info VALUES (50.0, 3.8, 21.8, 9.0);
INSERT INTO academic_info VALUES (51.0, 3.38, 36.0, 3.0);
INSERT INTO academic_info VALUES (52.0, 3.37, 23.6, 9.0);
INSERT INTO academic_info VALUES (53.0, 3.65, 20.4, 2.0);
INSERT INTO academic_info VALUES (54.0, 3.06, 19.2, 10.0);
INSERT INTO academic_info VALUES (55.0, 3.63, 25.0, 9.0);
INSERT INTO academic_info VALUES (56.0, 3.0, 33.1, 8.0);
INSERT INTO academic_info VALUES (57.0, 2.13, 23.8, 9.0);
INSERT INTO academic_info VALUES (58.0, 2.81, 28.2, 5.0);
INSERT INTO academic_info VALUES (59.0, 2.99, 30.8, 2.0);
INSERT INTO academic_info VALUES (60.0, 3.44, 23.2, 8.0);
INSERT INTO academic_info VALUES (61.0, 2.21, 19.9, 6.0);
INSERT INTO academic_info VALUES (62.0, 2.28, 35.7, 8.0);
INSERT INTO academic_info VALUES (63.0, 2.53, 19.6, 5.0);
INSERT INTO academic_info VALUES (64.0, 2.53, 21.2, 10.0);
INSERT INTO academic_info VALUES (65.0, 3.46, 39.7, 2.0);
INSERT INTO academic_info VALUES (66.0, 2.5, 5.0, 6.0);
INSERT INTO academic_info VALUES (67.0, 3.27, 11.5, 5.0);
INSERT INTO academic_info VALUES (68.0, 2.99, 18.4, 5.0);
INSERT INTO academic_info VALUES (69.0, 3.15, 37.6, 1.0);
INSERT INTO academic_info VALUES (70.0, 3.68, 7.5, 2.0);
INSERT INTO academic_info VALUES (71.0, 2.81, 5.3, 8.0);
INSERT INTO academic_info VALUES (72.0, 3.54, 6.8, 3.0);
INSERT INTO academic_info VALUES (73.0, 2.84, 8.1, 10.0);
INSERT INTO academic_info VALUES (74.0, 2.71, 6.3, 3.0);
INSERT INTO academic_info VALUES (75.0, 3.92, 21.8, 8.0);
INSERT INTO academic_info VALUES (76.0, 2.37, 25.3, 8.0);
INSERT INTO academic_info VALUES (77.0, 2.18, 14.5, 2.0);
INSERT INTO academic_info VALUES (78.0, 3.54, 18.9, 8.0);
INSERT INTO academic_info VALUES (79.0, 2.14, 8.2, 1.0);
INSERT INTO academic_info VALUES (80.0, 3.67, 16.8, 6.0);
INSERT INTO academic_info VALUES (81.0, 2.87, 23.3, 8.0);
INSERT INTO academic_info VALUES (82.0, 3.83, 30.6, 3.0);
INSERT INTO academic_info VALUES (83.0, 3.44, 5.1, 8.0);
INSERT INTO academic_info VALUES (84.0, 3.22, 21.4, 1.0);
INSERT INTO academic_info VALUES (85.0, 3.9, 15.4, 9.0);
INSERT INTO academic_info VALUES (86.0, 2.79, 34.8, 9.0);
INSERT INTO academic_info VALUES (87.0, 3.91, 30.0, 5.0);
INSERT INTO academic_info VALUES (88.0, 2.27, 25.6, 10.0);
INSERT INTO academic_info VALUES (89.0, 2.97, 14.7, 4.0);
INSERT INTO academic_info VALUES (90.0, 2.54, 36.9, 6.0);
INSERT INTO academic_info VALUES (91.0, 3.08, 6.6, 7.0);
INSERT INTO academic_info VALUES (92.0, 2.32, 8.8, 5.0);
INSERT INTO academic_info VALUES (93.0, 3.68, 18.7, 10.0);
INSERT INTO academic_info VALUES (94.0, 3.69, 9.4, 9.0);
INSERT INTO academic_info VALUES (95.0, 3.91, 38.5, 3.0);
INSERT INTO academic_info VALUES (96.0, 2.31, 32.9, 7.0);
INSERT INTO academic_info VALUES (97.0, 3.25, 14.1, 10.0);
INSERT INTO academic_info VALUES (98.0, 2.95, 25.6, 10.0);
INSERT INTO academic_info VALUES (99.0, 2.69, 39.4, 5.0);
INSERT INTO academic_info VALUES (100.0, 2.7, 35.9, 7.0);

CREATE TABLE lifestyle (
  student_id INTEGER,
  sleep_hours_per_night REAL,
  exercise_hours_per_week REAL,
  social_hours_per_week REAL,
  screen_time_hours_per_day REAL,
  FOREIGN KEY (student_id) REFERENCES students(student_id)
);
INSERT INTO lifestyle VALUES (1.0, 5.9, 5.8, 14.4, 9.7);
INSERT INTO lifestyle VALUES (2.0, 7.7, 3.4, 10.7, 4.7);
INSERT INTO lifestyle VALUES (3.0, 8.6, 5.4, 9.5, 3.8);
INSERT INTO lifestyle VALUES (4.0, 8.8, 4.6, 16.8, 5.4);
INSERT INTO lifestyle VALUES (5.0, 4.3, 5.8, 4.1, 4.3);
INSERT INTO lifestyle VALUES (6.0, 6.0, 4.0, 19.4, 6.9);
INSERT INTO lifestyle VALUES (7.0, 4.5, 7.0, 14.2, 9.3);
INSERT INTO lifestyle VALUES (8.0, 5.7, 1.8, 4.0, 3.1);
INSERT INTO lifestyle VALUES (9.0, 4.8, 7.0, 14.7, 2.8);
INSERT INTO lifestyle VALUES (10.0, 7.2, 4.1, 10.6, 4.0);
INSERT INTO lifestyle VALUES (11.0, 5.9, 8.7, 14.1, 7.8);
INSERT INTO lifestyle VALUES (12.0, 5.1, 5.2, 15.4, 6.7);
INSERT INTO lifestyle VALUES (13.0, 5.3, 9.7, 1.7, 2.8);
INSERT INTO lifestyle VALUES (14.0, 5.8, 6.0, 10.1, 9.4);
INSERT INTO lifestyle VALUES (15.0, 5.3, 2.2, 18.6, 8.3);
INSERT INTO lifestyle VALUES (16.0, 6.3, 8.2, 6.4, 2.2);
INSERT INTO lifestyle VALUES (17.0, 4.2, 3.5, 11.9, 7.2);
INSERT INTO lifestyle VALUES (18.0, 5.4, 3.5, 7.4, 8.2);
INSERT INTO lifestyle VALUES (19.0, 6.1, 0.3, 9.1, 5.0);
INSERT INTO lifestyle VALUES (20.0, 7.0, 5.5, 11.0, 2.6);
INSERT INTO lifestyle VALUES (21.0, 5.4, 5.3, 11.0, 2.6);
INSERT INTO lifestyle VALUES (22.0, 4.7, 3.6, 4.0, 2.8);
INSERT INTO lifestyle VALUES (23.0, 4.4, 8.9, 13.7, 8.7);
INSERT INTO lifestyle VALUES (24.0, 8.7, 1.3, 1.8, 9.3);
INSERT INTO lifestyle VALUES (25.0, 6.1, 3.3, 2.8, 3.0);
INSERT INTO lifestyle VALUES (26.0, 6.9, 3.2, 0.1, 3.9);
INSERT INTO lifestyle VALUES (27.0, 8.6, 0.9, 2.3, 3.3);
INSERT INTO lifestyle VALUES (28.0, 4.4, 4.8, 9.5, 3.5);
INSERT INTO lifestyle VALUES (29.0, 8.4, 6.9, 12.1, 8.7);
INSERT INTO lifestyle VALUES (30.0, 6.8, 5.1, 15.9, 4.7);
INSERT INTO lifestyle VALUES (31.0, 4.8, 1.6, 2.1, 4.5);
INSERT INTO lifestyle VALUES (32.0, 6.1, 3.8, 17.0, 3.8);
INSERT INTO lifestyle VALUES (33.0, 7.9, 0.0, 14.9, 6.9);
INSERT INTO lifestyle VALUES (34.0, 6.4, 8.7, 8.2, 5.0);
INSERT INTO lifestyle VALUES (35.0, 8.9, 0.8, 18.7, 8.0);
INSERT INTO lifestyle VALUES (36.0, 5.9, 6.0, 19.8, 3.6);
INSERT INTO lifestyle VALUES (37.0, 7.7, 9.9, 4.1, 8.3);
INSERT INTO lifestyle VALUES (38.0, 6.0, 5.4, 7.6, 6.8);
INSERT INTO lifestyle VALUES (39.0, 8.1, 9.2, 18.5, 2.9);
INSERT INTO lifestyle VALUES (40.0, 6.8, 2.4, 14.4, 5.3);
INSERT INTO lifestyle VALUES (41.0, 4.3, 7.6, 1.0, 8.9);
INSERT INTO lifestyle VALUES (42.0, 4.2, 5.3, 15.6, 9.4);
INSERT INTO lifestyle VALUES (43.0, 4.7, 7.2, 16.6, 5.7);
INSERT INTO lifestyle VALUES (44.0, 4.1, 0.6, 15.0, 5.8);
INSERT INTO lifestyle VALUES (45.0, 4.4, 1.5, 16.0, 9.3);
INSERT INTO lifestyle VALUES (46.0, 7.5, 1.3, 16.5, 6.7);
INSERT INTO lifestyle VALUES (47.0, 6.7, 6.9, 3.7, 2.3);
INSERT INTO lifestyle VALUES (48.0, 7.7, 8.4, 4.7, 9.3);
INSERT INTO lifestyle VALUES (49.0, 8.6, 7.5, 12.7, 4.0);
INSERT INTO lifestyle VALUES (50.0, 6.9, 0.3, 18.2, 6.6);
INSERT INTO lifestyle VALUES (51.0, 7.6, 8.7, 6.3, 3.3);
INSERT INTO lifestyle VALUES (52.0, 7.8, 3.5, 11.8, 2.3);
INSERT INTO lifestyle VALUES (53.0, 5.9, 4.0, 13.7, 4.5);
INSERT INTO lifestyle VALUES (54.0, 5.2, 1.0, 9.0, 8.2);
INSERT INTO lifestyle VALUES (55.0, 5.0, 7.4, 14.3, 4.2);
INSERT INTO lifestyle VALUES (56.0, 5.3, 1.8, 18.0, 3.8);
INSERT INTO lifestyle VALUES (57.0, 5.4, 5.6, 12.5, 3.7);
INSERT INTO lifestyle VALUES (58.0, 5.0, 8.4, 10.8, 6.1);
INSERT INTO lifestyle VALUES (59.0, 8.4, 0.9, 8.8, 9.8);
INSERT INTO lifestyle VALUES (60.0, 7.8, 5.4, 11.5, 5.7);
INSERT INTO lifestyle VALUES (61.0, 4.2, 2.3, 7.1, 6.5);
INSERT INTO lifestyle VALUES (62.0, 5.3, 3.4, 7.8, 8.9);
INSERT INTO lifestyle VALUES (63.0, 4.1, 4.7, 10.6, 6.3);
INSERT INTO lifestyle VALUES (64.0, 6.5, 3.6, 1.3, 3.5);
INSERT INTO lifestyle VALUES (65.0, 6.4, 6.5, 4.6, 4.4);
INSERT INTO lifestyle VALUES (66.0, 8.2, 4.8, 10.9, 4.5);
INSERT INTO lifestyle VALUES (67.0, 5.5, 5.8, 8.6, 5.2);
INSERT INTO lifestyle VALUES (68.0, 8.1, 7.4, 6.7, 5.4);
INSERT INTO lifestyle VALUES (69.0, 8.8, 5.6, 14.6, 8.4);
INSERT INTO lifestyle VALUES (70.0, 4.4, 5.9, 13.9, 4.8);
INSERT INTO lifestyle VALUES (71.0, 8.0, 5.6, 3.3, 5.7);
INSERT INTO lifestyle VALUES (72.0, 6.9, 3.8, 17.6, 7.0);
INSERT INTO lifestyle VALUES (73.0, 6.4, 3.4, 9.9, 5.0);
INSERT INTO lifestyle VALUES (74.0, 6.1, 9.0, 14.8, 8.7);
INSERT INTO lifestyle VALUES (75.0, 7.9, 6.1, 11.5, 6.7);
INSERT INTO lifestyle VALUES (76.0, 7.2, 2.4, 20.0, 4.4);
INSERT INTO lifestyle VALUES (77.0, 8.0, 5.0, 15.0, 7.7);
INSERT INTO lifestyle VALUES (78.0, 8.5, 3.3, 14.1, 6.2);
INSERT INTO lifestyle VALUES (79.0, 7.1, 9.3, 15.6, 6.3);
INSERT INTO lifestyle VALUES (80.0, 8.9, 0.1, 2.9, 5.8);
INSERT INTO lifestyle VALUES (81.0, 7.0, 2.3, 4.1, 6.0);
INSERT INTO lifestyle VALUES (82.0, 7.2, 3.7, 14.3, 8.1);
INSERT INTO lifestyle VALUES (83.0, 6.8, 4.9, 9.9, 2.8);
INSERT INTO lifestyle VALUES (84.0, 4.5, 8.5, 15.1, 4.7);
INSERT INTO lifestyle VALUES (85.0, 7.6, 0.9, 2.1, 2.6);
INSERT INTO lifestyle VALUES (86.0, 6.7, 8.1, 10.7, 8.0);
INSERT INTO lifestyle VALUES (87.0, 6.3, 0.6, 7.6, 4.2);
INSERT INTO lifestyle VALUES (88.0, 8.6, 8.4, 9.1, 9.2);
INSERT INTO lifestyle VALUES (89.0, 5.5, 0.5, 12.1, 6.2);
INSERT INTO lifestyle VALUES (90.0, 6.6, 0.2, 10.0, 8.4);
INSERT INTO lifestyle VALUES (91.0, 7.5, 7.0, 10.8, 9.8);
INSERT INTO lifestyle VALUES (92.0, 8.0, 10.0, 9.7, 8.7);
INSERT INTO lifestyle VALUES (93.0, 6.3, 9.0, 8.2, 8.9);
INSERT INTO lifestyle VALUES (94.0, 8.2, 5.8, 15.4, 5.3);
INSERT INTO lifestyle VALUES (95.0, 7.8, 9.2, 0.2, 6.4);
INSERT INTO lifestyle VALUES (96.0, 4.3, 0.1, 12.0, 4.0);
INSERT INTO lifestyle VALUES (97.0, 4.2, 9.8, 11.3, 3.6);
INSERT INTO lifestyle VALUES (98.0, 7.1, 4.9, 14.3, 6.0);
INSERT INTO lifestyle VALUES (99.0, 5.7, 7.2, 12.0, 6.8);
INSERT INTO lifestyle VALUES (100.0, 5.0, 8.2, 16.5, 4.7);